{"cameraMode":{"drawMode":0,"name":"Shaded","section":"Shading Mode"},"sceneLighting":true,"audioPlay":false,"sceneViewState":{"m_AlwaysRefresh":false,"showFog":true,"showSkybox":true,"showFlares":true,"showImageEffects":true,"showParticleSystems":true,"showVisualEffectGraphs":true,"m_FxEnabled":true},"in2DMode":false,"pivot":{"x":2.4799997806549074,"y":65.45880126953125,"z":10.836357116699219},"rotation":{"x":-0.010647524148225785,"y":0.41712212562561037,"z":-0.005575878545641899,"w":-0.9090622067451477},"size":4.6103034019470219,"orthographic":false}