{"cameraMode":{"drawMode":0,"name":"Shaded","section":"Shading Mode"},"sceneLighting":true,"audioPlay":false,"sceneViewState":{"m_AlwaysRefresh":false,"showFog":true,"showSkybox":true,"showFlares":true,"showImageEffects":true,"showParticleSystems":true,"showVisualEffectGraphs":true,"m_FxEnabled":true},"in2DMode":false,"pivot":{"x":9.899798393249512,"y":66.81344604492188,"z":32.421146392822269},"rotation":{"x":-0.005879776552319527,"y":0.9892961382865906,"z":-0.04157472774386406,"w":-0.13981717824935914},"size":0.10988286137580872,"orthographic":false}