{"cameraMode":{"drawMode":0,"name":"Shaded","section":"Shading Mode"},"sceneLighting":true,"audioPlay":false,"sceneViewState":{"m_AlwaysRefresh":false,"showFog":true,"showSkybox":true,"showFlares":true,"showImageEffects":true,"showParticleSystems":true,"showVisualEffectGraphs":true,"m_FxEnabled":true},"in2DMode":false,"pivot":{"x":326.63238525390627,"y":-68.07495880126953,"z":174.30963134765626},"rotation":{"x":-0.034162167459726337,"y":-0.040757015347480777,"z":0.0014589045895263553,"w":-0.9986637234687805},"size":432.0609130859375,"orthographic":false}