{"cameraMode":{"drawMode":0,"name":"Shaded","section":"Shading Mode"},"sceneLighting":true,"audioPlay":false,"sceneViewState":{"m_AlwaysRefresh":false,"showFog":true,"showSkybox":true,"showFlares":true,"showImageEffects":true,"showParticleSystems":true,"showVisualEffectGraphs":true,"m_FxEnabled":true},"in2DMode":false,"pivot":{"x":335.7406921386719,"y":280.7801208496094,"z":21.33469009399414},"rotation":{"x":-0.024326622486114503,"y":0.9745692610740662,"z":-0.17846204340457917,"w":-0.13496200740337373},"size":33.086673736572269,"orthographic":false}