{"cameraMode":{"drawMode":0,"name":"Shaded","section":"Shading Mode"},"sceneLighting":true,"audioPlay":false,"sceneViewState":{"m_AlwaysRefresh":false,"showFog":true,"showSkybox":true,"showFlares":true,"showImageEffects":true,"showParticleSystems":true,"showVisualEffectGraphs":true,"m_FxEnabled":true},"in2DMode":false,"pivot":{"x":44.964107513427737,"y":19.382722854614259,"z":-2.12863826751709},"rotation":{"x":0.017051605507731439,"y":-0.6012327075004578,"z":0.013271487317979336,"w":0.7991499900817871},"size":42.67561340332031,"orthographic":false}